{"0": 1.0, "0.5": 0.9202521238695534, "1.0": 0.9202521238695534, "1.5": 0.8851740202795286, "2.0": 0.8851740202795286, "2.5": 0.8687311592217046, "3.0": 0.8687311592217046, "3.5": 0.8739380652233488, "4.0": 0.8739380652233488, "4.5": 0.8925733077555494, "5.0": 0.8925733077555494, "5.5": 0.8983283091257879, "6.0": 0.8983283091257879, "6.5": 0.8996985475472732, "7.0": 0.8996985475472732, "7.5": 0.9076459303918882, "8.0": 0.9076459303918882, "8.5": 0.9131268840778295, "9.0": 0.9131268840778295, "9.5": 0.9183337900794738, "10.0": 0.9183337900794738, "10.5": 0.9216223622910387, "11.0": 0.9216223622910387, "11.5": 0.9251849821869005, "12.0": 0.9251849821869005, "12.5": 0.9292956974513565, "13.0": 0.9292956974513565, "13.5": 0.931488078925733, "14.0": 0.931488078925733, "14.5": 0.9339545080844067, "15.0": 0.9339545080844067, "15.5": 0.9355987941901891, "16.0": 0.9355987941901891, "16.5": 0.9399835571389422, "17.0": 0.9399835571389422, "17.5": 0.939161414086051, "18.0": 0.939161414086051, "18.5": 0.9410797478761305, "19.0": 0.9410797478761305, "19.5": 0.943272129350507, "20.0": 0.943272129350507, "20.5": 0.9424499862976158, "21.0": 0.9424499862976158, "21.5": 0.9443683200876952, "22.0": 0.9443683200876952, "22.5": 0.9443683200876952, "23.0": 0.9443683200876952, "23.5": 0.9424499862976158, "24.0": 0.9424499862976158, "24.5": 0.9424499862976158, "25.0": 0.9424499862976158, "25.5": 0.9421759386133187, "26.0": 0.9421759386133187, "26.5": 0.9440942724033982, "27.0": 0.9440942724033982, "27.5": 0.9421759386133187, "28.0": 0.9421759386133187, "28.5": 0.9397095094546452, "29.0": 0.9397095094546452, "29.5": 0.9380652233488627, "30.0": 0.9380652233488627, "30.5": 0.9372430802959715, "31.0": 0.9372430802959715, "31.5": 0.9366949849273773, "32.0": 0.9366949849273773, "32.5": 0.9369690326116744, "33.0": 0.9369690326116744, "33.5": 0.9334064127158126, "34.0": 0.9334064127158126, "34.5": 0.9306659358728419, "35.0": 0.9306659358728419, "35.5": 0.9265552206083859, "36.0": 0.9265552206083859, "36.5": 0.9265552206083859, "37.0": 0.9265552206083859, "37.5": 0.9251849821869005, "38.0": 0.9251849821869005, "38.5": 0.9218964099753357, "39.0": 0.9218964099753357, "39.5": 0.9155933132365032, "40.0": 0.9155933132365032, "40.5": 0.9131268840778295, "41.0": 0.9131268840778295, "41.5": 0.9101123595505618, "42.0": 0.9101123595505618, "42.5": 0.9032611674431351, "43.0": 0.9032611674431351, "43.5": 0.9016168813373527, "44.0": 0.9016168813373527, "44.5": 0.9002466429158673, "45.0": 0.9002466429158673, "45.5": 0.8922992600712524, "46.0": 0.8922992600712524, "46.5": 0.8859961633324198, "47.0": 0.8859961633324198, "47.5": 0.8758563990134284, "48.0": 0.8758563990134284, "48.5": 0.8687311592217046, "49.0": 0.8687311592217046, "49.5": 0.8577692518498219, "50.0": 0.8577692518498219, "50.5": 0.8468073444779392, "51.0": 0.8468073444779392, "51.5": 0.8358454371060564, "52.0": 0.8358454371060564, "52.5": 0.8207728144697177, "53.0": 0.8207728144697177, "53.5": 0.8059742395176761, "54.0": 0.8059742395176761, "54.5": 0.7928199506714169, "55.0": 0.7928199506714169, "55.5": 0.7832282817210194, "56.0": 0.7832282817210194, "56.5": 0.7695258975061661, "57.0": 0.7695258975061661, "57.5": 0.7634968484516306, "58.0": 0.7634968484516306, "58.5": 0.7528089887640449, "59.0": 0.7528089887640449, "59.5": 0.7391066045491915, "60.0": 0.7391066045491915, "60.5": 0.7297889832830913, "61.0": 0.7297889832830913, "61.5": 0.7160865990682379, "62.0": 0.7160865990682379, "62.5": 0.7053987393806522, "63.0": 0.7053987393806522, "63.5": 0.6938887366401754, "64.0": 0.6938887366401754, "64.5": 0.69251849821869, "65.0": 0.69251849821869, "65.5": 0.6977254042203344, "66.0": 0.6977254042203344, "66.5": 0.7051246916963552, "67.0": 0.7051246916963552, "67.5": 0.7306111263359825, "68.0": 0.7306111263359825, "68.5": 0.7495204165524801, "69.0": 0.7495204165524801, "69.5": 0.7755549465607016, "70.0": 0.7755549465607016, "70.5": 0.801589476568923, "71.0": 0.801589476568923, "71.5": 0.8289942449986297, "72.0": 0.8289942449986297, "72.5": 0.8520142504795835, "73.0": 0.8520142504795835, "73.5": 0.8761304466977254, "74.0": 0.8761304466977254, "74.5": 0.8955878322828172, "75.0": 0.8955878322828172, "75.5": 0.9136749794464237, "76.0": 0.9136749794464237, "76.5": 0.9325842696629213, "77.0": 0.9325842696629213, "77.5": 0.9482049876678542, "78.0": 0.9482049876678542, "78.5": 0.9597149904083311, "79.0": 0.9597149904083311, "79.5": 0.9690326116744313, "80.0": 0.9690326116744313, "80.5": 0.9767059468347492, "81.0": 0.9767059468347492, "81.5": 0.9819128528363935, "82.0": 0.9819128528363935, "82.5": 0.987941901890929, "83.0": 0.987941901890929, "83.5": 0.9898602356810084, "84.0": 0.9898602356810084, "84.5": 0.991778569471088, "85.0": 0.991778569471088, "85.5": 0.9945190463140586, "86.0": 0.9945190463140586, "86.5": 0.9956152370512469, "87.0": 0.9956152370512469, "87.5": 0.9969854754727323, "88.0": 0.9969854754727323, "88.5": 0.9978076185256235, "89.0": 0.9978076185256235, "89.5": 0.9978076185256235, "90.0": 0.9978076185256235, "90.5": 0.9986297615785147, "91.0": 0.9986297615785147, "91.5": 0.9991778569471088, "92.0": 0.9991778569471088, "92.5": 0.9997259523157029, "93.0": 0.9997259523157029, "93.5": 1.0, "94.0": 1.0, "94.5": 1.0, "95.0": 1.0, "95.5": 1.0, "96.0": 1.0, "96.5": 1.0, "97.0": 1.0, "97.5": 1.0, "98.0": 1.0, "98.5": 1.0, "99.0": 1.0, "99.5": 1.0, "100.0": 1.0}