{"0": 1.0, "0.5": 0.9632098107171421, "1.0": 0.9632098107171421, "1.5": 0.9557451346307652, "2.0": 0.9557451346307652, "2.5": 0.9501466275659824, "3.0": 0.9501466275659824, "3.5": 0.945881098373767, "4.0": 0.945881098373767, "4.5": 0.949880031991469, "5.0": 0.949880031991469, "5.5": 0.9522793921620901, "6.0": 0.9522793921620901, "6.5": 0.9514796054385497, "7.0": 0.9514796054385497, "7.5": 0.9514796054385497, "8.0": 0.9514796054385497, "8.5": 0.9520127965875766, "9.0": 0.9520127965875766, "9.5": 0.9514796054385497, "10.0": 0.9514796054385497, "10.5": 0.9544121567581978, "11.0": 0.9544121567581978, "11.5": 0.9560117302052786, "12.0": 0.9560117302052786, "12.5": 0.9578778992268728, "13.0": 0.9578778992268728, "13.5": 0.9584110903758998, "14.0": 0.9584110903758998, "14.5": 0.9618768328445748, "15.0": 0.9618768328445748, "15.5": 0.9605438549720074, "16.0": 0.9605438549720074, "16.5": 0.9608104505465209, "17.0": 0.9608104505465209, "17.5": 0.9618768328445748, "18.0": 0.9618768328445748, "18.5": 0.9634764062916555, "19.0": 0.9634764062916555, "19.5": 0.9634764062916555, "20.0": 0.9634764062916555, "20.5": 0.9618768328445748, "21.0": 0.9618768328445748, "21.5": 0.9634764062916555, "22.0": 0.9634764062916555, "22.5": 0.9626766195681151, "23.0": 0.9626766195681151, "23.5": 0.9629432151426286, "24.0": 0.9629432151426286, "24.5": 0.963743001866169, "25.0": 0.963743001866169, "25.5": 0.9632098107171421, "26.0": 0.9632098107171421, "26.5": 0.9626766195681151, "27.0": 0.9626766195681151, "27.5": 0.9621434284190883, "28.0": 0.9621434284190883, "28.5": 0.9613436416955479, "29.0": 0.9613436416955479, "29.5": 0.959744068248467, "30.0": 0.959744068248467, "30.5": 0.960277259397494, "31.0": 0.960277259397494, "31.5": 0.9568115169288189, "32.0": 0.9568115169288189, "32.5": 0.9576113036523594, "33.0": 0.9576113036523594, "33.5": 0.9576113036523594, "34.0": 0.9576113036523594, "34.5": 0.9562783257797921, "35.0": 0.9562783257797921, "35.5": 0.9541455611836843, "36.0": 0.9541455611836843, "36.5": 0.953345774460144, "37.0": 0.953345774460144, "37.5": 0.9544121567581978, "38.0": 0.9544121567581978, "38.5": 0.9506798187150093, "39.0": 0.9506798187150093, "39.5": 0.9496134364169555, "40.0": 0.9496134364169555, "40.5": 0.949880031991469, "41.0": 0.949880031991469, "41.5": 0.9469474806718209, "42.0": 0.9469474806718209, "42.5": 0.9442815249266863, "43.0": 0.9442815249266863, "43.5": 0.9378832311383631, "44.0": 0.9378832311383631, "44.5": 0.9338842975206612, "45.0": 0.9338842975206612, "45.5": 0.9290855771794189, "46.0": 0.9290855771794189, "46.5": 0.9184217541988803, "47.0": 0.9184217541988803, "47.5": 0.910157291388963, "48.0": 0.910157291388963, "48.5": 0.9010930418555052, "49.0": 0.9010930418555052, "49.5": 0.8946947480671821, "50.0": 0.8946947480671821, "50.5": 0.8864302852572647, "51.0": 0.8864302852572647, "51.5": 0.877366035723807, "52.0": 0.877366035723807, "52.5": 0.8715009330845108, "53.0": 0.8715009330845108, "53.5": 0.8608371101039722, "54.0": 0.8608371101039722, "54.5": 0.8453745667821914, "55.0": 0.8453745667821914, "55.5": 0.8283124500133298, "56.0": 0.8283124500133298, "56.5": 0.8120501199680086, "57.0": 0.8120501199680086, "57.5": 0.7941882164756066, "58.0": 0.7941882164756066, "58.5": 0.7733937616635563, "59.0": 0.7733937616635563, "59.5": 0.7533990935750466, "60.0": 0.7533990935750466, "60.5": 0.73287123433751, "61.0": 0.73287123433751, "61.5": 0.7091442282058118, "62.0": 0.7091442282058118, "62.5": 0.6798187150093309, "63.0": 0.6798187150093309, "63.5": 0.6504932018128499, "64.0": 0.6504932018128499, "64.5": 0.6352972540655825, "65.0": 0.6352972540655825, "65.5": 0.6225006664889363, "66.0": 0.6225006664889363, "66.5": 0.6507597973873633, "67.0": 0.6507597973873633, "67.5": 0.6904825379898694, "68.0": 0.6904825379898694, "68.5": 0.7278059184217542, "69.0": 0.7278059184217542, "69.5": 0.7629965342575313, "70.0": 0.7629965342575313, "70.5": 0.7939216209010931, "71.0": 0.7939216209010931, "71.5": 0.8208477739269529, "72.0": 0.8208477739269529, "72.5": 0.8512396694214877, "73.0": 0.8512396694214877, "73.5": 0.8744334844041589, "74.0": 0.8744334844041589, "74.5": 0.8944281524926686, "75.0": 0.8944281524926686, "75.5": 0.9149560117302052, "76.0": 0.9149560117302052, "76.5": 0.9306851506264996, "77.0": 0.9306851506264996, "77.5": 0.9442815249266863, "78.0": 0.9442815249266863, "78.5": 0.9541455611836843, "79.0": 0.9541455611836843, "79.5": 0.9648093841642229, "80.0": 0.9648093841642229, "80.5": 0.9728072513996268, "81.0": 0.9728072513996268, "81.5": 0.9792055451879499, "82.0": 0.9792055451879499, "82.5": 0.9826712876566249, "83.0": 0.9826712876566249, "83.5": 0.9858704345507865, "84.0": 0.9858704345507865, "84.5": 0.9898693681684884, "85.0": 0.9898693681684884, "85.5": 0.9928019194881365, "86.0": 0.9928019194881365, "86.5": 0.9938683017861903, "87.0": 0.9938683017861903, "87.5": 0.9946680885097308, "88.0": 0.9946680885097308, "88.5": 0.9962676619568115, "89.0": 0.9962676619568115, "89.5": 0.9970674486803519, "90.0": 0.9970674486803519, "90.5": 0.9973340442548654, "91.0": 0.9973340442548654, "91.5": 0.9976006398293789, "92.0": 0.9976006398293789, "92.5": 0.9984004265529193, "93.0": 0.9984004265529193, "93.5": 0.9989336177019461, "94.0": 0.9989336177019461, "94.5": 0.9997334044254865, "95.0": 0.9997334044254865, "95.5": 0.9997334044254865, "96.0": 0.9997334044254865, "96.5": 0.9997334044254865, "97.0": 0.9997334044254865, "97.5": 1.0, "98.0": 1.0, "98.5": 1.0, "99.0": 1.0, "99.5": 1.0, "100.0": 1.0}