{"ad": 0.93266358946511, "ae": 0.8145677694770544, "ar": 0.7467982924226254, "at": 0.8241935483870968, "au": 0.8607837763770896, "be": 0.8513635001498352, "bg": 0.8255783727579933, "bo": 0.7745271867612293, "br": 0.7784002489884843, "ca": 0.8845202089634314, "ch": 0.8427672955974843, "cl": 0.7784660766961652, "co": 0.7708082026537998, "cr": 0.8162997042392376, "cy": 0.9159222280609564, "cz": 0.7473448854108441, "de": 0.7953957578892913, "dk": 0.7465880893300249, "do": 0.7191458559536735, "dz": 0.8969126111983254, "ec": 0.7981020942408377, "ee": 0.8195364238410596, "eg": 0.8921618852459017, "es": 0.7998585572842999, "fi": 0.7765538945712038, "fr": 0.7825613079019074, "gb": 0.8850973073846974, "gr": 0.8318807984256396, "gt": 0.7672086720867208, "hk": 0.827632282202031, "hn": 0.9035546262415055, "hu": 0.8265931372549019, "id": 0.7646471371504661, "ie": 0.8655848873819326, "il": 0.8207985143918292, "in": 0.7509760178471835, "is": 0.830638047633049, "it": 0.7373961218836566, "jp": 0.812643301670488, "kw": 0.8837787445618397, "kz": 0.8979233694062592, "lt": 0.7960680751173709, "lu": 0.8413868413868414, "lv": 0.8226827864133563, "mc": 0.9425156516789983, "mt": 0.9045199251136667, "mx": 0.7925758005100595, "my": 0.7934904601571269, "ni": 0.903935543848776, "nl": 0.8414067684140677, "no": 0.8047591743119266, "nz": 0.8302091822874219, "pa": 0.7462098241358399, "pe": 0.76629281600485, "ph": 0.7704081632653061, "pl": 0.7338345864661654, "pt": 0.8285965426311164, "py": 0.905841557748733, "ru": 0.7539497539497539, "sa": 0.9019726858877086, "se": 0.7953056768558951, "sg": 0.849622030237581, "sk": 0.7467873831775701, "sv": 0.8307892172783371, "tr": 0.7838971938106478, "tw": 0.8519395913532721, "us": 0.8981604905358571, "uy": 0.7571728481455563, "za": 0.8067846607669616}