{"0": 2.0, "0.5": 1.3847272204624732, "1.0": 1.3847272204624732, "1.5": 1.4449121224786081, "2.0": 1.4449121224786081, "2.5": 1.5218102879372026, "3.0": 1.5218102879372026, "3.5": 1.6089129945348437, "4.0": 1.6089129945348437, "4.5": 1.6990072985621105, "5.0": 1.6990072985621105, "5.5": 1.7287949879793727, "6.0": 1.7287949879793727, "6.5": 1.7401672894778142, "7.0": 1.7401672894778142, "7.5": 1.7677781161144113, "8.0": 1.7677781161144113, "8.5": 1.785570898211097, "9.0": 1.785570898211097, "9.5": 1.8010006253908695, "10.0": 1.8010006253908695, "10.5": 1.8109514930272868, "11.0": 1.8109514930272868, "11.5": 1.82324100896442, "12.0": 1.82324100896442, "12.5": 1.8357675308104717, "13.0": 1.8357675308104717, "13.5": 1.8419629014539058, "14.0": 1.8419629014539058, "14.5": 1.8498716726552762, "15.0": 1.8498716726552762, "15.5": 1.8545641149040581, "16.0": 1.8545641149040581, "16.5": 1.8667899095243037, "17.0": 1.8667899095243037, "17.5": 1.8633209762725722, "18.0": 1.8633209762725722, "18.5": 1.8689429472001446, "19.0": 1.8689429472001446, "19.5": 1.8777050412057958, "20.0": 1.8777050412057958, "20.5": 1.874375203135045, "21.0": 1.874375203135045, "21.5": 1.8811731216680827, "22.0": 1.8811731216680827, "22.5": 1.8792061729449618, "23.0": 1.8792061729449618, "23.5": 1.879327862362031, "24.0": 1.879327862362031, "24.5": 1.8780839805807876, "25.0": 1.8780839805807876, "25.5": 1.8767810043349917, "26.0": 1.8767810043349917, "26.5": 1.8820819788369771, "27.0": 1.8820819788369771, "27.5": 1.8783815625716263, "28.0": 1.8783815625716263, "28.5": 1.8716379636914648, "29.0": 1.8716379636914648, "29.5": 1.8700389399104853, "30.0": 1.8700389399104853, "30.5": 1.8685207319502548, "31.0": 1.8685207319502548, "31.5": 1.867948649713124, "32.0": 1.867948649713124, "32.5": 1.8699033023869762, "33.0": 1.8699033023869762, "33.5": 1.864818669305785, "34.0": 1.864818669305785, "34.5": 1.8616810746658379, "35.0": 1.8616810746658379, "35.5": 1.8513289979804564, "36.0": 1.8513289979804564, "36.5": 1.853202499408351, "37.0": 1.853202499408351, "37.5": 1.8494003715888647, "38.0": 1.8494003715888647, "38.5": 1.845835969463073, "39.0": 1.845835969463073, "39.5": 1.8352756220863036, "40.0": 1.8352756220863036, "40.5": 1.8303422965044895, "41.0": 1.8303422965044895, "41.5": 1.8257477911175037, "42.0": 1.8257477911175037, "42.5": 1.8147332755209242, "43.0": 1.8147332755209242, "43.5": 1.813387344546531, "44.0": 1.813387344546531, "44.5": 1.810793510765031, "45.0": 1.810793510765031, "45.5": 1.795586833962251, "46.0": 1.795586833962251, "46.5": 1.7826668731609105, "47.0": 1.7826668731609105, "47.5": 1.7662415554592454, "48.0": 1.7662415554592454, "48.5": 1.7535019600649506, "49.0": 1.7535019600649506, "49.5": 1.7364184204269177, "50.0": 1.7364184204269177, "50.5": 1.7172751717392463, "51.0": 1.7172751717392463, "51.5": 1.7004534949635897, "52.0": 1.7004534949635897, "52.5": 1.6700232008413536, "53.0": 1.6700232008413536, "53.5": 1.648040981574816, "54.0": 1.648040981574816, "54.5": 1.6201822031504745, "55.0": 1.6201822031504745, "55.5": 1.6027546975215134, "56.0": 1.6027546975215134, "56.5": 1.5724472162745662, "57.0": 1.5724472162745662, "57.5": 1.5577155223500594, "58.0": 1.5577155223500594, "58.5": 1.5304919862210036, "59.0": 1.5304919862210036, "59.5": 1.4955190365639557, "60.0": 1.4955190365639557, "60.5": 1.467932480296809, "61.0": 1.467932480296809, "61.5": 1.4296313323898038, "62.0": 1.4296313323898038, "62.5": 1.3918894562017239, "63.0": 1.3918894562017239, "63.5": 1.3500842696629214, "64.0": 1.3500842696629214, "64.5": 1.325994985736704, "65.0": 1.325994985736704, "65.5": 1.3030870283143259, "66.0": 1.3030870283143259, "66.5": 1.275925217804694, "67.0": 1.275925217804694, "67.5": 1.3032512960803282, "68.0": 1.3032512960803282, "68.5": 1.2770232799472567, "69.0": 1.2770232799472567, "69.5": 1.2810302852923765, "70.0": 1.2810302852923765, "70.5": 1.2420597351366582, "71.0": 1.2420597351366582, "71.5": 1.199523188270742, "72.0": 1.199523188270742, "72.5": 1.1805989883938128, "73.0": 1.1805989883938128, "73.5": 1.149750566893424, "74.0": 1.149750566893424, "74.5": 1.1227827050997783, "75.0": 1.1227827050997783, "75.5": 1.1622251273799946, "76.0": 1.1622251273799946, "76.5": 1.1233409002597297, "77.0": 1.1233409002597297, "77.5": 1.0894929443316541, "78.0": 1.0894929443316541, "78.5": 1.1218065825721328, "79.0": 1.1218065825721328, "79.5": 1.1396768566969613, "80.0": 1.1396768566969613, "80.5": 1.193928080172922, "81.0": 1.193928080172922, "81.5": 1.1387196411948888, "82.0": 1.1387196411948888, "82.5": 1.2395633067838507, "83.0": 1.2395633067838507, "83.5": 1.1343453361575273, "84.0": 1.1343453361575273, "84.5": 1.1598041906853327, "85.0": 1.1598041906853327, "85.5": 1.1625491810778663, "86.0": 1.1625491810778663, "86.5": 0.9969813391877058, "87.0": 0.9969813391877058, "87.5": 0.998079561042524, "88.0": 0.998079561042524, "88.5": 0.9989026063100137, "89.0": 0.9989026063100137, "89.5": 0.9989026063100137, "90.0": 0.9989026063100137, "90.5": 0.9994514536478333, "91.0": 0.9994514536478333, "91.5": 0.999725802029065, "92.0": 0.999725802029065, "92.5": 0.9997259523157029, "93.0": 0.9997259523157029, "93.5": 2.0, "94.0": 2.0, "94.5": 2.0, "95.0": 2.0, "95.5": 2.0, "96.0": 2.0, "96.5": 2.0, "97.0": 2.0, "97.5": 2.0, "98.0": 2.0, "98.5": 2.0, "99.0": 2.0, "99.5": 2.0, "100.0": 2.0}