{"0": 2.0, "0.5": 1.6517881517881516, "1.0": 1.6517881517881516, "1.5": 1.690144787989016, "2.0": 1.690144787989016, "2.5": 1.6975915066805902, "3.0": 1.6975915066805902, "3.5": 1.718202335326457, "4.0": 1.718202335326457, "4.5": 1.7726602147431267, "5.0": 1.7726602147431267, "5.5": 1.8181440212872109, "6.0": 1.8181440212872109, "6.5": 1.8177107724821981, "7.0": 1.8177107724821981, "7.5": 1.8278636276937572, "8.0": 1.8278636276937572, "8.5": 1.8167484274388654, "9.0": 1.8167484274388654, "9.5": 1.811531296255338, "10.0": 1.811531296255338, "10.5": 1.827399973302604, "11.0": 1.827399973302604, "11.5": 1.8419582844340125, "12.0": 1.8419582844340125, "12.5": 1.8518247371964165, "13.0": 1.8518247371964165, "13.5": 1.8534582158125343, "14.0": 1.8534582158125343, "14.5": 1.8780673596249873, "15.0": 1.8780673596249873, "15.5": 1.8637032484893594, "16.0": 1.8637032484893594, "16.5": 1.8677629130750413, "17.0": 1.8677629130750413, "17.5": 1.8692752649201338, "18.0": 1.8692752649201338, "18.5": 1.8815576259045994, "19.0": 1.8815576259045994, "19.5": 1.8830496795235427, "20.0": 1.8830496795235427, "20.5": 1.874338853954477, "21.0": 1.874338853954477, "21.5": 1.881476884889854, "22.0": 1.881476884889854, "22.5": 1.8802181153653432, "23.0": 1.8802181153653432, "23.5": 1.881019432798377, "24.0": 1.881019432798377, "24.5": 1.8894137412680165, "25.0": 1.8894137412680165, "25.5": 1.886069777838795, "26.0": 1.886069777838795, "26.5": 1.885449045374487, "27.0": 1.885449045374487, "27.5": 1.8861115165669244, "28.0": 1.8861115165669244, "28.5": 1.8853294032474919, "29.0": 1.8853294032474919, "29.5": 1.8815804521472574, "30.0": 1.8815804521472574, "30.5": 1.8856719929672148, "31.0": 1.8856719929672148, "31.5": 1.8689404711000175, "32.0": 1.8689404711000175, "32.5": 1.8773236620635143, "33.0": 1.8773236620635143, "33.5": 1.8817119229661485, "34.0": 1.8817119229661485, "34.5": 1.8757689356953549, "35.0": 1.8757689356953549, "35.5": 1.8680354253401743, "36.0": 1.8680354253401743, "36.5": 1.867100845900922, "37.0": 1.867100845900922, "37.5": 1.8795483193154827, "38.0": 1.8795483193154827, "38.5": 1.864146502169291, "39.0": 1.864146502169291, "39.5": 1.862739475184411, "40.0": 1.862739475184411, "40.5": 1.8659705641487019, "41.0": 1.8659705641487019, "41.5": 1.8628505621298033, "42.0": 1.8628505621298033, "42.5": 1.863909573792157, "43.0": 1.863909573792157, "43.5": 1.8478142810561073, "44.0": 1.8478142810561073, "44.5": 1.8407303941371276, "45.0": 1.8407303941371276, "45.5": 1.8345637587687602, "46.0": 1.8345637587687602, "46.5": 1.812994037740488, "47.0": 1.812994037740488, "47.5": 1.7941928594896508, "48.0": 1.7941928594896508, "48.5": 1.7766743772623101, "49.0": 1.7766743772623101, "49.5": 1.768275085348256, "50.0": 1.768275085348256, "50.5": 1.754358511697362, "51.0": 1.754358511697362, "51.5": 1.73952573964198, "52.0": 1.73952573964198, "52.5": 1.7332072010090587, "53.0": 1.7332072010090587, "53.5": 1.7159397009881379, "54.0": 1.7159397009881379, "54.5": 1.689980665152685, "55.0": 1.689980665152685, "55.5": 1.6632090452308108, "56.0": 1.6632090452308108, "56.5": 1.6317640717152408, "57.0": 1.6317640717152408, "57.5": 1.6080989121579528, "58.0": 1.6080989121579528, "58.5": 1.5775759470390402, "59.0": 1.5775759470390402, "59.5": 1.553378646085738, "60.0": 1.553378646085738, "60.5": 1.5119036383098723, "61.0": 1.5119036383098723, "61.5": 1.4621541647331704, "62.0": 1.4621541647331704, "62.5": 1.4015788770619724, "63.0": 1.4015788770619724, "63.5": 1.3222406051554207, "64.0": 1.3222406051554207, "64.5": 1.2652141444199319, "65.0": 1.2652141444199319, "65.5": 1.1957263884489668, "66.0": 1.1957263884489668, "66.5": 1.1997471681403287, "67.0": 1.1997471681403287, "67.5": 1.2205143055716436, "68.0": 1.2205143055716436, "68.5": 1.218552563017, "69.0": 1.218552563017, "69.5": 1.2153395807547986, "70.0": 1.2153395807547986, "70.5": 1.1994295322164175, "71.0": 1.1994295322164175, "71.5": 1.1348747136480646, "72.0": 1.1348747136480646, "72.5": 1.1580182182581522, "73.0": 1.1580182182581522, "73.5": 1.1796218004687284, "74.0": 1.1796218004687284, "74.5": 1.1292711056435492, "75.0": 1.1292711056435492, "75.5": 1.20165871201936, "76.0": 1.20165871201936, "76.5": 1.1850684196404615, "77.0": 1.1850684196404615, "77.5": 1.1472698072805139, "78.0": 1.1472698072805139, "78.5": 1.1571734475374733, "79.0": 1.1571734475374733, "79.5": 1.239572192513369, "80.0": 1.239572192513369, "80.5": 1.1748730286019782, "81.0": 1.1748730286019782, "81.5": 1.2662164224664223, "82.0": 1.2662164224664223, "82.5": 1.3834490122797651, "83.0": 1.3834490122797651, "83.5": 1.3866524292578752, "84.0": 1.3866524292578752, "84.5": 1.2406591940218843, "85.0": 1.2406591940218843, "85.5": 0.9930666666666667, "86.0": 0.9930666666666667, "86.5": 0.9941333333333333, "87.0": 0.9941333333333333, "87.5": 0.9949333333333333, "88.0": 0.9949333333333333, "88.5": 0.9965333333333334, "89.0": 0.9965333333333334, "89.5": 0.9973333333333333, "90.0": 0.9973333333333333, "90.5": 0.9976, "91.0": 0.9976, "91.5": 0.9978666666666667, "92.0": 0.9978666666666667, "92.5": 0.9984004265529193, "93.0": 0.9984004265529193, "93.5": 0.9989336177019461, "94.0": 0.9989336177019461, "94.5": 0.9997334044254865, "95.0": 0.9997334044254865, "95.5": 0.9997334044254865, "96.0": 0.9997334044254865, "96.5": 0.9997334044254865, "97.0": 0.9997334044254865, "97.5": 2.0, "98.0": 2.0, "98.5": 2.0, "99.0": 2.0, "99.5": 2.0, "100.0": 2.0}